bin,count,bads,goods,dist_bad,dist_good,woe,iv_component
bin_1,10777,723,10054,0.7824675324675324,0.6056626506024096,0.25612928060919454,0.04528490720030752
bin_2,2156,124,2032,0.1341991341991342,0.12240963855421687,0.0919516596096149,0.0010840636905104764
bin_3,2155,55,2100,0.05952380952380952,0.12650602409638553,-0.753913535776093,0.050498798222523726
bin_4,2436,22,2414,0.023809523809523808,0.14542168674698794,-1.8095520455962104,0.22006353821286787
