bin,count,bads,goods,dist_bad,dist_good,woe,iv_component
bin_1,10781,705,10076,0.762987012987013,0.6069879518072289,0.22873206804271842,0.035681987876374575
bin_2,2156,138,2018,0.14935064935064934,0.12156626506024096,0.20583738694660084,0.005719065060257849
bin_3,2156,62,2094,0.0670995670995671,0.12614457831325301,-0.6312511036824401,0.03727222849558128
bin_4,2431,19,2412,0.020562770562770564,0.1453012048192771,-1.955326675977685,0.24390438802143594
