bin,count,bads,goods,dist_bad,dist_good,woe,iv_component
bin_1,8762,247,8515,0.26731601731601734,0.5129518072289156,-0.651750353765861,0.16009321297328818
bin_2,2190,80,2110,0.08658008658008658,0.12710843373493977,-0.3839706890932802,0.015561697384860662
bin_3,2191,123,2068,0.1331168831168831,0.12457831325301205,0.06629302244704817,0.0005660476036512928
bin_4,2190,165,2025,0.17857142857142858,0.12198795180722892,0.3810663970628916,0.021562061623825405
bin_5,2191,309,1882,0.3344155844155844,0.11337349397590361,1.0816968594553709,0.23910053503605275
